posted,neighborhood,post title,number bedrooms,sqft,URL,price,cities,towns,neighborhoods,zips,types,parking,laundry
2020-08-12 13:54:00, (Robbinsdale),"Convenient Location, Bike Storage, Grilling Stations",2.0,1239.0,https://minneapolis.craigslist.org/hnp/apa/d/minneapolis-convenient-location-bike/7176184637.html,2295,Robbinsdale,Robbinsdale,Robbinsdale,55422,1,,1
2020-08-12 13:54:00," (1410 Nicollet Ave Minneapolis, MN)",Cozy Alcove Available!,1.0,564.0,https://minneapolis.craigslist.org/hnp/apa/d/minneapolis-cozy-alcove-available/7176114706.html,1295,Minneapolis,,Loring Park,55403,1,2,1
2020-08-12 13:53:00, (Highland Park-St. Paul),Fantastic 2 Bedroom 2 Bathroom Condo,2.0,1000.0,https://minneapolis.craigslist.org/ram/apa/d/saint-paul-fantastic-2-bedroom-2/7164596531.html,1400,St. Paul,,St. Paul,55116,2,3,1
2020-08-12 13:53:00, (Dinkytown),1-MONTH FREE -Carriage House Commons - Student Living!,4.0,1345.0,https://minneapolis.craigslist.org/hnp/apa/d/minneapolis-1-month-free-carriage-house/7160403371.html,2500,Minneapolis,,Marcy-Holmes,55414,1,2,1
2020-08-12 13:51:00, (Saint Anthony Village),Gorgeous 1 Bedroom w/ Den (Fully Renovated) Available 8/28,1.0,750.0,https://minneapolis.craigslist.org/ram/apa/d/minneapolis-gorgeous-1-bedroom-den/7173113305.html,1275,Hilltop,,Hilltop,55421,1,3,3
2020-08-12 13:50:00, (West Calhoun / Uptown),$1095 / 1 BR - NEW Renovated Sunny 1 Bedroom near lakes & Uptown!,1.0,600.0,https://minneapolis.craigslist.org/hnp/apa/d/minneapolis-br-new-renovated-sunny-1/7176181406.html,1095,Minneapolis,,West Calhoun,55416,1,4,3
2020-08-12 13:47:00, (Minneapolis),NOW LEASING LUXURY 2- BEDROOM APARTMENTS IN LINDEN HILLS,2.0,875.0,https://minneapolis.craigslist.org/hnp/apa/d/minneapolis-now-leasing-luxury-2/7169216581.html,2295,Minneapolis,,Linden Hills,55410,1,2,1
2020-08-12 13:47:00, (Minneapolis),NOW LEASING LUXURY 1- BEDROOM APARTMENTS IN LINDEN HILLS,1.0,510.0,https://minneapolis.craigslist.org/hnp/apa/d/minneapolis-now-leasing-luxury-1/7169170979.html,1595,Minneapolis,,Linden Hills,55410,1,2,1
2020-08-12 13:47:00, (Minneapolis),NOW LEASING LUXURY 1- BEDROOM APARTMENTS IN LINDEN HILLS,1.0,630.0,https://minneapolis.craigslist.org/hnp/apa/d/minneapolis-now-leasing-luxury-1/7169166335.html,1895,Minneapolis,,Linden Hills,55410,1,2,1
2020-08-12 13:47:00, (Minneapolis),NOW LEASING LUXURY 1- BEDROOM APARTMENTS IN LINDEN HILLS,1.0,545.0,https://minneapolis.craigslist.org/hnp/apa/d/minneapolis-now-leasing-luxury-1/7169158951.html,1745,Minneapolis,,Linden Hills,55410,1,2,1
2020-08-12 13:47:00, (Minneapolis),NOW LEASING LUXURY 2- BEDROOM APARTMENTS IN LINDEN HILLS,2.0,1025.0,https://minneapolis.craigslist.org/hnp/apa/d/minneapolis-now-leasing-luxury-2/7169152721.html,2995,Minneapolis,,Linden Hills,55410,1,2,1
2020-08-12 13:47:00, (Minneapolis),NOW LEASING LUXURY 2- BEDROOM APARTMENTS IN LINDEN HILLS,2.0,1380.0,https://minneapolis.craigslist.org/hnp/apa/d/minneapolis-now-leasing-luxury-2/7169144231.html,3995,Minneapolis,,Linden Hills,55410,1,2,1
2020-08-12 13:47:00, (Minneapolis),NOW LEASING LUXURY 2- BEDROOM APARTMENTS IN LINDEN HILLS,2.0,1065.0,https://minneapolis.craigslist.org/hnp/apa/d/minneapolis-now-leasing-luxury-2/7169130724.html,2995,Minneapolis,,Linden Hills,55410,1,2,1
2020-08-12 13:47:00, (Minneapolis),NOW LEASING LUXURY 1- BEDROOM APARTMENTS IN LINDEN HILLS,1.0,520.0,https://minneapolis.craigslist.org/hnp/apa/d/minneapolis-now-leasing-luxury-1/7168757279.html,1475,Minneapolis,,Linden Hills,55410,1,2,1
2020-08-12 13:47:00, (Minneapolis),NOW LEASING LUXURY 1- BEDROOM APARTMENTS IN LINDEN HILLS,1.0,660.0,https://minneapolis.craigslist.org/hnp/apa/d/minneapolis-now-leasing-luxury-1/7168746413.html,1895,Minneapolis,,Linden Hills,55410,1,2,1
2020-08-12 13:47:00, (Minneapolis),NOW LEASING LUXURY 2- BEDROOM APARTMENTS IN LINDEN HILLS,2.0,875.0,https://minneapolis.craigslist.org/hnp/apa/d/minneapolis-now-leasing-luxury-2/7168740476.html,2345,Minneapolis,,Linden Hills,55410,1,2,1
2020-08-12 13:44:00, (West Calhoun / Uptown),$1095 / 1 BR - NEW Renovated Sunny 1 Bedroom near lakes & Uptown!,1.0,600.0,https://minneapolis.craigslist.org/hnp/apa/d/minneapolis-br-new-renovated-sunny-1/7176176985.html,1095,Minneapolis,,West Calhoun,55416,1,4,3
2020-08-12 13:44:00, (West Calhoun / Uptown),$1095 / 1 BR - NEW Renovated Sunny 1 Bedroom near lakes & Uptown!,1.0,600.0,https://minneapolis.craigslist.org/hnp/apa/d/minneapolis-br-new-renovated-sunny-1/7176176719.html,1095,Minneapolis,,West Calhoun,55416,1,4,3
2020-08-12 13:43:00, (West Calhoun / Uptown),$1095 / 1 BR - Fully Renovated Sunny 1 Bedroom near lakes & Uptown!,1.0,600.0,https://minneapolis.craigslist.org/hnp/apa/d/minneapolis-br-fully-renovated-sunny-1/7176176381.html,1095,Minneapolis,,West Calhoun,55416,1,4,3
2020-08-12 13:43:00, (West Calhoun / Uptown),$1095 / 1 BR - Fully Renovated Sunny 1 Bedroom near lakes & Uptown!,1.0,600.0,https://minneapolis.craigslist.org/hnp/apa/d/minneapolis-br-fully-renovated-sunny-1/7176176132.html,1095,Minneapolis,,West Calhoun,55416,1,4,3
2020-08-12 13:43:00, (West Calhoun / Uptown),$1045 / 1 BR - Renovated Sunny 1 Bedroom near lakes & Uptown!!,1.0,600.0,https://minneapolis.craigslist.org/hnp/apa/d/minneapolis-br-renovated-sunny-1/7176175896.html,1045,Minneapolis,,West Calhoun,55416,1,4,3
2020-08-12 13:42:00, (Minneapolis),"This deal won't last long! Gorgeous 1 bed, 1 bath! Prime location.",1.0,743.0,https://minneapolis.craigslist.org/hnp/apa/d/minneapolis-this-deal-wont-last-long/7176175609.html,1597,Minneapolis,,East Calhoun,55408,1,2,1
2020-08-12 13:40:00, (Hennepin),FREE MONTH OF RENT- Sign by Saturday!,1.0,903.0,https://minneapolis.craigslist.org/hnp/apa/d/minneapolis-free-month-of-rent-sign-by/7164125615.html,1395,Minneapolis,,Midtown Phillips,55404,1,,1
2020-08-12 13:36:00," (1410 Nicollet Ave Minneapolis, MN)",Spacious Alcove Available NOW!,1.0,546.0,https://minneapolis.craigslist.org/hnp/apa/d/minneapolis-spacious-alcove-available/7176114466.html,1295,Minneapolis,,Loring Park,55403,1,2,1
2020-08-12 13:33:00, (Adams Street NE),"3bed, TWO bath, plus office (!) NE Arts District Duplex",3.0,1100.0,https://minneapolis.craigslist.org/hnp/apa/d/minneapolis-3bed-two-bath-plus-office/7169329575.html,1850,Minneapolis,,Logan Park,55413,4,,1
2020-08-12 13:33:00," (Roseville, St. Paul)",1 bedroom w/Hardwood Floors,1.0,650.0,https://minneapolis.craigslist.org/ram/apa/d/saint-paul-1-bedroom-hardwood-floors/7171403759.html,845,Roseville,,Roseville,55126,1,4,3
2020-08-12 13:32:00, (Minneapolis),3 MONTHS FREE ON AN 18 MONTH LEASE!!!!!!!,1.0,530.0,https://minneapolis.craigslist.org/hnp/apa/d/minneapolis-3-months-free-on-an-18/7176167614.html,1155,Minneapolis,,St Anthony West,55401,1,2,3
2020-08-12 13:25:00, (Minneapolis),Loring park apartment,1.0,638.0,https://minneapolis.craigslist.org/hnp/apa/d/minneapolis-loring-park-apartment/7176162785.html,900,Minneapolis,,Stevens Square - Loring Heights,55403,1,5,4
2020-08-12 13:21:00, (Uptown + Lake Calhoun),Sunny Fun Beachy Lake Love Perch!,3.0,,https://minneapolis.craigslist.org/hnp/apa/d/minneapolis-sunny-fun-beachy-lake-love/7176159405.html,1800,Minneapolis,,CARAG,55408,1,4,3
2020-08-12 13:20:00," (St Paul, Highland, Macalester-Groveland, Highland Park)","Perfect Location, Wine Rack Option, Coffee Bar",1.0,1001.0,https://minneapolis.craigslist.org/ram/apa/d/saint-paul-perfect-location-wine-rack/7176158578.html,2369,St. Paul,,Highland Village,55116,1,2,1
2020-08-12 13:18:00, (Minneapolis - Loring Park),You Deserve a Quality 2 Bedroom Home at 1500 Nicollet!,2.0,1123.0,https://minneapolis.craigslist.org/hnp/apa/d/minneapolis-you-deserve-quality-2/7176157320.html,1814,Minneapolis,,Loring Park,55403,1,2,1
2020-08-12 13:18:00," (St Paul, Highland, Macalester-Groveland, Highland Park)","Highland Park, a village within a city",1.0,1001.0,https://minneapolis.craigslist.org/ram/apa/d/saint-paul-highland-park-village-within/7176157035.html,2369,St. Paul,,Highland Village,55116,1,2,1
2020-08-12 13:14:00, (Cathedral Hill),2 Bedroom plus office/den  townhome,2.0,1230.0,https://minneapolis.craigslist.org/ram/apa/d/saint-paul-2-bedroom-plus-office-den/7176144118.html,1950,St. Paul,,St. Paul,55102,9,2,1
2020-08-12 13:13:00, (Minneapolis),Northeast - First Avenue Flats Condo Available August!,1.0,500.0,https://minneapolis.craigslist.org/hnp/apa/d/minneapolis-northeast-first-avenue/7159227809.html,1100,Minneapolis,,Whittier,55404,2,4,4
2020-08-12 13:12:00," (430 Oak Grove St. Minneapolis, MN)",1BD/2BA LOFTED APT FACING LORING PARK,1.0,886.0,https://minneapolis.craigslist.org/hnp/apa/d/minneapolis-1bd-2ba-lofted-apt-facing/7176083395.html,1952,Minneapolis,,Loring Park,55403,1,2,1
2020-08-12 13:12:00, (Minneapolis),FULLY REMODELEDNortheast Minneapolis 1 & 2 Bedroom Condominiums!,2.0,950.0,https://minneapolis.craigslist.org/hnp/apa/d/minneapolis-fully-remodelednortheast/7159215234.html,1350,Minneapolis,,Marshall Terrace,55418,1,4,4
2020-08-12 13:08:00," (3029 22nd Ave S Minneapolis, MN)","Fun Resident Events, 1 block from Blue Line Light Rail, Club Room",1.0,637.0,https://minneapolis.craigslist.org/hnp/apa/d/minneapolis-fun-resident-events-1-block/7176102993.html,1155,Minneapolis,,Powderhorn Park,55407,1,,1
2020-08-12 13:06:00, (Uptown),Boutique Uptown Community - Rooftop | Fitness Center | Work Spaces!,1.0,488.0,https://minneapolis.craigslist.org/hnp/apa/d/minneapolis-boutique-uptown-community/7176135521.html,1347,Minneapolis,,East Calhoun,55408,1,2,1
2020-08-12 13:03:00, (Robbinsdale),"Schedule a Tour, Grilling Stations, Pet Friendly",1.0,671.0,https://minneapolis.craigslist.org/hnp/apa/d/minneapolis-schedule-tour-grilling/7176145823.html,1470,Robbinsdale,Robbinsdale,Robbinsdale,55422,1,,1
2020-08-12 13:03:00, (Saint Paul),Two bedrooms available for move in ready - ONE MONTH FREE,2.0,1318.0,https://minneapolis.craigslist.org/ram/apa/d/saint-paul-two-bedrooms-available-for/7176108847.html,2145,St. Paul,,St. Paul,55114,1,2,1
2020-08-12 13:02:00," (Minneapolis, MN)","Upper Level 2 bed, 1 full bath Duplex for rent to own.",2.0,,https://minneapolis.craigslist.org/hnp/apa/d/minneapolis-upper-level-2-bed-1-full/7160555000.html,800,Minneapolis,,Prospect Park - East River Road,55455,1,,
2020-08-12 13:01:00," (Minneapolis, MN)",Updated main floor of a duplex 2 beds 2 bath for rent to own.,2.0,,https://minneapolis.craigslist.org/hnp/apa/d/minneapolis-updated-main-floor-of/7160541525.html,800,Edina,Edina,Fulton,55424,1,,
2020-08-12 13:00:00," (Minneapolis, MN)",43rd Ave newly remodeled 2 Bedroom with hardwood floors!,2.0,,https://minneapolis.craigslist.org/hnp/apa/d/minneapolis-43rd-ave-newly-remodeled-2/7162253604.html,750,Minneapolis,,Wenonah,55417,1,,
2020-08-12 13:00:00," (Minneapolis, MN)","2-level upper unit has 3-beds, 2-baths, 1750 sq ft.",3.0,,https://minneapolis.craigslist.org/hnp/apa/d/minneapolis-2-level-upper-unit-has-3/7162258106.html,900,Minneapolis,,Lyndale,55408,1,,
2020-08-12 13:00:00," (Minneapolis, MN)","1010 E 19th St, 2 Bedroom + Sunroom classic unit,",2.0,,https://minneapolis.craigslist.org/hnp/apa/d/minneapolis-th-st-2-bedroom-sunroom/7162347931.html,875,Minneapolis,,Phillips West,55404,1,,
2020-08-12 12:59:00," (Minneapolis, MN)",Impeccable unit at Harvester Lofts for rent to own!,2.0,,https://minneapolis.craigslist.org/hnp/apa/d/minneapolis-impeccable-unit-at/7162355161.html,900,Minneapolis,,St Anthony West,55401,1,,
2020-08-12 12:54:00, (Edina),Fantastic Arneson 1 Bedroom + Den Available at The Edina Towers,2.0,850.0,https://minneapolis.craigslist.org/hnp/apa/d/minneapolis-fantastic-arneson-1-bedroom/7173214013.html,1435,Edina,Edina,Southdale,55435,1,4,3
2020-08-12 12:54:00, (Edina),Engrossing Lewis 3 Bedroom Apartment at The Edina Towers,3.0,1795.0,https://minneapolis.craigslist.org/hnp/apa/d/minneapolis-engrossing-lewis-3-bedroom/7173212118.html,2630,Edina,Edina,Southdale,55435,1,4,1
2020-08-12 12:54:00, (Edina),Delightful Tingdale 3 Bedroom Apartments at The Edina Towers,3.0,1360.0,https://minneapolis.craigslist.org/hnp/apa/d/minneapolis-delightful-tingdale-3/7173211428.html,2030,Edina,Edina,Southdale,55435,1,4,1
2020-08-12 12:54:00, (Edina),Inviting Melody 2 Bedroom Apartments at The Edina Towers,2.0,980.0,https://minneapolis.craigslist.org/hnp/apa/d/minneapolis-inviting-melody-2-bedroom/7173210709.html,1605,Edina,Edina,Southdale,55435,1,4,3
2020-08-12 12:54:00, (Edina),Desirable 2 Bedroom Chowen Apartment at The Edina Towers,2.0,1045.0,https://minneapolis.craigslist.org/hnp/apa/d/minneapolis-desirable-2-bedroom-chowen/7173209881.html,1620,Edina,Edina,Southdale,55435,1,4,3
2020-08-12 12:54:00, (Edina),Terrific 2 Bedroom Alden style Apartment at The Edina Towers,2.0,1015.0,https://minneapolis.craigslist.org/hnp/apa/d/minneapolis-terrific-2-bedroom-alden/7173208577.html,1540,Edina,Edina,Southdale,55435,1,4,3
2020-08-12 12:54:00, (Edina),City View 2 Bedroom Fox Meadow Apartment at The Edina Towers,2.0,970.0,https://minneapolis.craigslist.org/hnp/apa/d/minneapolis-city-view-2-bedroom-fox/7173208040.html,1505,Edina,Edina,Southdale,55435,1,4,3
2020-08-12 12:54:00, (Uptown),Perfect Location in Uptown + Flexible move-in dates offered!,2.0,750.0,https://minneapolis.craigslist.org/hnp/apa/d/minneapolis-perfect-location-in-uptown/7176138156.html,1975,Minneapolis,,East Calhoun,55408,1,2,1
2020-08-12 12:54:00, (Edina),Great Value on 2 Bedroom McGuire Apartment at The Edina Towers,2.0,940.0,https://minneapolis.craigslist.org/hnp/apa/d/minneapolis-great-value-on-2-bedroom/7173207395.html,1505,Edina,Edina,Southdale,55435,1,4,3
2020-08-12 12:54:00, (Saint Paul),Freshly Renovated Large 2 bed 1 bath Duplex Apartment,2.0,,https://minneapolis.craigslist.org/ram/apa/d/saint-paul-freshly-renovated-large-2/7176138090.html,1850,St. Paul,,Rondo,55104,1,4,3
2020-08-12 12:54:00, (Edina),Spacious 1 Bedroom Birchcrest Apartments Available at The Edina Towers,1.0,730.0,https://minneapolis.craigslist.org/hnp/apa/d/minneapolis-spacious-1-bedroom/7173206308.html,1280,Edina,Edina,Southdale,55435,1,4,3
2020-08-12 12:54:00," (Edina, Minnesota)","Charming 1 Bedroom, Browndale Apartments Available at The Edina Towers",1.0,670.0,https://minneapolis.craigslist.org/hnp/apa/d/minneapolis-charming-1-bedroom/7173205355.html,1290,Edina,Edina,Southdale,55435,1,4,3
2020-08-12 12:49:00," (1410 Nicollet Ave Minneapolis, MN)",1 Bedroom - AVAILABLE NOW!,1.0,737.0,https://minneapolis.craigslist.org/hnp/apa/d/minneapolis-1-bedroom-available-now/7176115248.html,1470,Minneapolis,,Loring Park,55403,1,2,1
2020-08-12 12:49:00, (South Mpls),PRIVATE APT $565 INCLUDES ALL+near UofM,1.0,,https://minneapolis.craigslist.org/hnp/apa/d/minneapolis-private-apt-565-includes/7170652372.html,565,Minneapolis,,Phillips West,55404,1,5,3
2020-08-12 12:47:00, (Golden Valley),Life just got better - welcome home to Arcata!,1.0,740.0,https://minneapolis.craigslist.org/hnp/apa/d/minneapolis-life-just-got-better/7169335251.html,1375,Golden Valley,Golden Valley,Golden Valley,55416,1,2,1
2020-08-12 12:47:00," (1410 Nicollet Ave Minneapolis, MN)",Spacious 2 Bedroom with City Views!,2.0,1194.0,https://minneapolis.craigslist.org/hnp/apa/d/minneapolis-spacious-2-bedroom-with/7176114986.html,2416,Minneapolis,,Loring Park,55403,1,2,1
2020-08-12 12:47:00, (St. Anthony),Join The Fun & Cool Down This Summer At The Landings,2.0,1195.0,https://minneapolis.craigslist.org/ram/apa/d/minneapolis-join-the-fun-cool-down-this/7176132424.html,1822,St. Anthony,,St. Anthony,,1,2,1
2020-08-12 12:46:00, (St. Paul),"Professionally Managed, Close to I 94 and Hwy 36",1.0,650.0,https://minneapolis.craigslist.org/ram/apa/d/saint-paul-professionally-managed-close/7176131685.html,1205,St. Paul,,St. Paul,55108,1,4,3
2020-08-12 12:45:00, (Richfield / Minneapolis),"Great Location, Lush landscaping, OD pool, BBQ picnic locations",1.0,,https://minneapolis.craigslist.org/hnp/apa/d/minneapolis-great-location-lush/7176086663.html,975,Richfield,Richfield,Diamond Lake,55423,,,
2020-08-12 12:45:00, (prospect park),"2B Near UMN, $1600!!",2.0,,https://minneapolis.craigslist.org/hnp/apa/d/saint-paul-2b-near-umn-1600/7171267528.html,1600,Minneapolis,,Prospect Park - East River Road,55414,1,4,3
2020-08-12 12:45:00, (Uptown),Location Location! Single Family Home in Uptown,3.0,1100.0,https://minneapolis.craigslist.org/hnp/apa/d/minneapolis-location-location-single/7164176572.html,1995,Minneapolis,,Whittier,55408,6,3,1
2020-08-12 12:45:00, (Marcy Holmes),"Common area WiFi, Elevator, Washer/Dryer In Unit",1.0,552.0,https://minneapolis.craigslist.org/hnp/apa/d/minneapolis-common-area-wifi-elevator/7165349674.html,1395,Minneapolis,,Marcy-Holmes,55414,1,4,1
2020-08-12 12:43:00, (Roseville / Saint Paul),3 Bedroom Apartment avalible now!,3.0,1190.0,https://minneapolis.craigslist.org/ram/apa/d/saint-paul-3-bedroom-apartment-avalible/7176120210.html,1775,Roseville,,Roseville,55113,1,2,1
2020-08-12 12:43:00," (1410 Nicollet Ave Minneapolis, MN)",Studio Available NOW!,1.0,400.0,https://minneapolis.craigslist.org/hnp/apa/d/minneapolis-studio-available-now/7176114221.html,1033,Minneapolis,,Loring Park,55403,1,2,1
2020-08-12 12:42:00, (Minneapolis),Pet friendly 1BR/1B with balcony and in-unit laundry. One month free!,1.0,733.0,https://minneapolis.craigslist.org/hnp/apa/d/minneapolis-pet-friendly-1br-1b-with/7176112888.html,1561,Minneapolis,,Cedar-Isles-Dean,55403:55408,1,4,1
2020-08-12 12:42:00, (St. Paul),"Walk In Closets, Pet Friendly, Laundry Center On Site",2.0,900.0,https://minneapolis.craigslist.org/ram/apa/d/saint-paul-walk-in-closets-pet-friendly/7176128827.html,1390,St. Paul,,St. Paul,55108,1,4,3
2020-08-12 12:42:00, (Minneapolis),Price dropped luxury 2BR with views of Lake Bde Maka Ska!,2.0,1192.0,https://minneapolis.craigslist.org/hnp/apa/d/minneapolis-price-dropped-luxury-2br/7176103495.html,3942,Minneapolis,,Cedar-Isles-Dean,55403:55408,1,4,1
2020-08-12 12:40:00, (St. Paul),"Great Location, Pet Friendly, Stainless Steel Appliances",1.0,650.0,https://minneapolis.craigslist.org/ram/apa/d/saint-paul-great-location-pet-friendly/7176126897.html,1205,St. Paul,,St. Paul,55108,1,4,3
2020-08-12 12:39:00," (Dale St N, Roseville)","Exquisite! Corner Unit, 2 Balconies, Heat is Paid, Close to Shopping!",3.0,1260.0,https://minneapolis.craigslist.org/ram/apa/d/saint-paul-exquisite-corner-unit-2/7174831420.html,1865,Roseville,,Roseville,55113,1,2,4
2020-08-12 12:39:00," (Highland Park, St Paul)","Unique Designs, Dramatic Flair, Chefs Kitchen, Exceptional Amenities",3.0,1356.0,https://minneapolis.craigslist.org/ram/apa/d/saint-paul-unique-designs-dramatic/7174787870.html,1843,St. Paul,,St. Paul,55102,1,2,1
2020-08-12 12:38:00," (Highland Park, St. Paul)","Unique Designs, Chefs Kitchen, Exceptional Amenities",1.0,622.0,https://minneapolis.craigslist.org/ram/apa/d/saint-paul-unique-designs-chefs-kitchen/7174776646.html,1197,St. Paul,,St. Paul,55102,1,2,1
2020-08-12 12:38:00," (Highland Park, St Paul)",Stunning 3 Bedroom with Amazing Amenities!!,3.0,1413.0,https://minneapolis.craigslist.org/ram/apa/d/saint-paul-stunning-3-bedroom-with/7174770082.html,1938,St. Paul,,St. Paul,55102,1,2,1
2020-08-12 12:36:00, (Minneapolis),Flex. move-in dates available - Top Floor + 15' Private Balcony!,1.0,563.0,https://minneapolis.craigslist.org/hnp/apa/d/minneapolis-flex-move-in-dates/7176123833.html,1517,Minneapolis,,East Calhoun,55408,1,2,1
2020-08-12 12:35:00, (Minneapolis-Uptown-27th/Dupont),2BR duplex in Uptown for rent 10/1-2 car garage & free laundry!,2.0,1200.0,https://minneapolis.craigslist.org/hnp/apa/d/minneapolis-2br-duplex-in-uptown-for/7171581715.html,1595,Minneapolis,,Lowry Hill East,55408,4,3,1
2020-08-12 12:35:00, (St. Paul-Midway-Hamline),1 1/2 story charmer in the Midway neighborhood-available 9/1,3.0,1274.0,https://minneapolis.craigslist.org/ram/apa/d/saint-paul-story-charmer-in-the-midway/7158685823.html,1850,St. Paul,,St. Paul,55104,6,3,1
2020-08-12 12:35:00, (6150 St. Croix Ave),"PERFECT Location, LARGE 2 BR/2 BATH by WEST END! Garage included!",2.0,980.0,https://minneapolis.craigslist.org/hnp/apa/d/minneapolis-perfect-location-large-2-br/7176109577.html,1200,Golden Valley,Golden Valley,Golden Valley,55422,1,3,3
2020-08-12 12:32:00, (2716 Hennepin Ave),Huge 4BR 2BA/ Heart of Uptown/ Brownstone,4.0,,https://minneapolis.craigslist.org/hnp/apa/d/huge-4br-2ba-heart-of-uptown-brownstone/7158620908.html,1995,Minneapolis,,Lowry Hill East,55408,1,3,3
2020-08-12 12:32:00, (3731 Harriet),Renovated Classic 3BR / in Uptown Area,3.0,,https://minneapolis.craigslist.org/hnp/apa/d/minneapolis-renovated-classic-3br-in/7172050067.html,1695,Minneapolis,,Kingfield,55409,1,4,3
2020-08-12 12:32:00, (Uptown),"3 bd / 2 ba - Beautiful remodel! Stainless, Granite, Washer/Dryer",3.0,1200.0,https://minneapolis.craigslist.org/hnp/apa/d/minneapolis-3-bd-2-ba-beautiful-remodel/7164195867.html,1900,Minneapolis,,Lyndale,55408,1,5,1
2020-08-12 12:32:00, (3731 Harriet),Renovated Classic 2BR / in Uptown Area,2.0,,https://minneapolis.craigslist.org/hnp/apa/d/minneapolis-renovated-classic-2br-in/7172048748.html,1695,Minneapolis,,Kingfield,55409,1,4,3
2020-08-12 12:31:00, (2716 Hennepin),2BR Plus Sun Porch / Brownstone in Heart of Uptown,2.0,,https://minneapolis.craigslist.org/hnp/apa/d/minneapolis-2br-plus-sun-porch/7172053898.html,1545,Minneapolis,,Lowry Hill East,55408,1,3,3
2020-08-12 12:31:00," (Bryn Mawr, Minneapolis, MN)",Pet friendly Bryn Mawr duplex for rent,2.0,,https://minneapolis.craigslist.org/hnp/apa/d/minneapolis-pet-friendly-bryn-mawr/7170206982.html,1475,Minneapolis,,Bryn Mawr,55405,4,3,1
2020-08-12 12:31:00, (3209 Hennepin Ave),Pulse of Uptown/ Unique 1BR Penthouse,1.0,,https://minneapolis.craigslist.org/hnp/apa/d/pulse-of-uptown-unique-1br-penthouse/7167401239.html,945,Minneapolis,,CARAG,55408,1,5,3
2020-08-12 12:30:00, (2716 Hennepin),Classic 1BR / Brownstone in Heart of Uptown,1.0,,https://minneapolis.craigslist.org/hnp/apa/d/minneapolis-classic-1br-brownstone-in/7176119353.html,995,Minneapolis,,Lowry Hill East,55408,1,4,3
2020-08-12 12:25:00, (6150 St. Croix Ave),"GARAGE Included! LARGE, Remodeled 2 BR/2 BATH in PERFECT Location!",2.0,980.0,https://minneapolis.craigslist.org/hnp/apa/d/minneapolis-garage-included-large/7176111272.html,1200,Golden Valley,Golden Valley,Golden Valley,55422,1,3,3
2020-08-12 12:21:00," (600 5th Avenue S. Minneapolis, MN)",1 Bedroom Alcove - Call Today!,1.0,594.0,https://minneapolis.craigslist.org/hnp/apa/d/minneapolis-1-bedroom-alcove-call-today/7176101672.html,1276,Minneapolis,,St Anthony West,55415,1,2,1
2020-08-12 12:16:00," (Uptown, Minneapolis)","Eclectic, Urban, Upscale Design, Hardwood Floors, Impressive Amenities",1.0,800.0,https://minneapolis.craigslist.org/hnp/apa/d/eclectic-urban-upscale-design-hardwood/7176078894.html,1520,Minneapolis,,Lyndale,55408,1,2,1
2020-08-12 12:15:00," (600 5th Avenue S. Minneapolis, MN)",Spacious 2 Bedroom - Available NOW!,2.0,1231.0,https://minneapolis.craigslist.org/hnp/apa/d/minneapolis-spacious-2-bedroom/7176091972.html,2206,Minneapolis,,St Anthony West,55415,1,2,1
2020-08-12 12:15:00," (600 5th Avenue S. Minneapolis, MN)",Studio Available NOW!,1.0,492.0,https://minneapolis.craigslist.org/hnp/apa/d/minneapolis-studio-available-now/7176096356.html,1208,Minneapolis,,St Anthony West,55415,1,2,1
2020-08-12 12:14:00," (600 5th Avenue S. Minneapolis, MN)",1 Bedroom Loft - Call Today!,1.0,894.0,https://minneapolis.craigslist.org/hnp/apa/d/minneapolis-1-bedroom-loft-call-today/7176088391.html,1596,Minneapolis,,St Anthony West,55415,1,2,1
2020-08-12 12:14:00, (New Brighton),"Schedule a Tour, Pets Okay, Balcony Area",2.0,858.0,https://minneapolis.craigslist.org/ram/apa/d/saint-paul-schedule-tour-pets-okay/7176106684.html,1320,New Brighton,,New Brighton,55112,1,,4
2020-08-12 12:13:00, (Saint Anthony Village),Renovated 2 bedroom with new laminate wood flooring available now!,2.0,950.0,https://minneapolis.craigslist.org/ram/apa/d/minneapolis-renovated-2-bedroom-with/7173698923.html,1395,Hilltop,,Hilltop,55421,1,3,3
2020-08-12 12:08:00, (Roseville),Beautiful 1 & 2 Bedroom Apartments!,1.0,900.0,https://minneapolis.craigslist.org/ram/apa/d/saint-paul-beautiful-1-2-bedroom/7176034266.html,899,Roseville,,Roseville,55113,1,4,3
2020-08-12 12:08:00, (Saint Paul),ONE MONTH FREE - two bedroom one bathroom,2.0,963.0,https://minneapolis.craigslist.org/ram/apa/d/saint-paul-one-month-free-two-bedroom/7176029079.html,1700,St. Paul,,St. Paul,55114,1,2,1
2020-08-12 12:03:00, (Minneapolis Downtown),October 1st: 2BR 2BA luxury unit at 5th Avenue Lofts at North Loop,2.0,1350.0,https://minneapolis.craigslist.org/hnp/apa/d/october-1st-2br-2ba-luxury-unit-at-5th/7172430561.html,2100,Minneapolis,,Sumner-Glenwood,55401,8,2,1
2020-08-12 12:03:00," (Minneapolis, Elliot Park)","12th Floor, 1Br, 1Ba skyline downtown view unit at Grant Park",1.0,907.0,https://minneapolis.craigslist.org/hnp/apa/d/minneapolis-12th-floor-1br-1ba-skyline/7166738795.html,1500,Minneapolis,,Loring Park,55404,1,2,1
2020-08-12 12:01:00, (Richfield / Minneapolis),Save at Richland Court! $1100 of 1st month with 12 month lease!,2.0,,https://minneapolis.craigslist.org/hnp/apa/d/minneapolis-save-at-richland-court-1100/7176087568.html,1215,Richfield,Richfield,Diamond Lake,55423,1,3,3
2020-08-12 11:59:00, (Dinkytown),U of M Dinkytown 2 bedroom Apartment,2.0,,https://minneapolis.craigslist.org/hnp/apa/d/minneapolis-of-dinkytown-2-bedroom/7176093767.html,1000,Minneapolis,,Prospect Park - East River Road,55455,1,4,3
2020-08-12 11:57:00, (South Minneapolis),***RARE VACANCY IN BEAUTIFUL LARGE 1BR PLUS SUNROOM IN QUIET 4 PLEX***,1.0,,https://minneapolis.craigslist.org/hnp/apa/d/minneapolis-rare-vacancy-in-beautiful/7176093689.html,1300,Minneapolis,,Powderhorn Park,55407,4,5,4
2020-08-12 11:57:00, (1501 Portland Ave S),"Elliot Park Mpls 1 BR, Private Patio, Peaceful, Eco-Friendly 11/1",1.0,550.0,https://minneapolis.craigslist.org/hnp/apa/d/minneapolis-elliot-park-mpls-1-br/7176093613.html,1050,Minneapolis,,Minneapolis,55404,1,4,3
2020-08-12 11:55:00, (Minneapolis South),***BEAUTIFUL BRAND NEW REMODELED 1BR DUPLEX WITH YARD BASEMENT***,1.0,,https://minneapolis.craigslist.org/hnp/apa/d/minneapolis-beautiful-brand-new/7176092197.html,1350,Minneapolis,,Regina,55408:55419,4,4,1
2020-08-12 11:55:00," (Lyndale Ave S, Uptown / Minneapolis)","+6 Weeks Free + Free Parking!! Hardwood Floors, All-Season Pool!",1.0,600.0,https://minneapolis.craigslist.org/hnp/apa/d/6-weeks-free-free-parking-hardwood/7176085532.html,1350,Minneapolis,,Lyndale,55408,1,2,1
2020-08-12 11:55:00, (Northeast MPLS),$1875 Perfect 2 Bed 1 Bath Duplex in Heart of NE MPLS Ready Oct 1!!,2.0,,https://minneapolis.craigslist.org/hnp/apa/d/minneapolis-1875-perfect-2-bed-1-bath/7174465670.html,1875,Minneapolis,,Bottineau,55418,6,4,1
2020-08-12 11:53:00," (NE Minneapolis, MN)",REMODELED 2 Bedroom Apartment Home- Hennepin Apartments- BY THE U OF M,2.0,750.0,https://minneapolis.craigslist.org/hnp/apa/d/minneapolis-remodeled-2-bedroom/7174742312.html,1225,Minneapolis,,Beltrami,55413,1,4,3
